{
  "temperature_2m": 0.03916084838086213,
  "relative_humidity_2m": 0.061670879497211374,
  "dewpoint_2m": 0.07847540422143671,
  "precipitation": 0.007573131826531942,
  "surface_pressure": 0.06607919914519578,
  "cloud_cover": 0.02945495350836977,
  "wind_speed_10m": 0.023066208890926983,
  "wind_direction_10m": 0.02802393019584295,
  "wind_gusts_10m": 0.02795714674690342,
  "wind_direction_sin": 0.03409518627542054,
  "wind_direction_cos": 0.029149623271240453,
  "wind_speed_10m_avg_2h": 0.023693749507716008,
  "wind_speed_10m_avg_3h": 0.027337975764851755,
  "wind_speed_10m_avg_4h": 0.03386690649037585,
  "wind_gusts_10m_max_2h": 0.021066560390563073,
  "wind_gusts_10m_max_3h": 0.023306147815725015,
  "wind_gusts_10m_max_4h": 0.020210659876980227,
  "Flow (m^3/s)--Border": 0.2729802788585085,
  "tide_height": 0.039816605358415004,
  "tidal_state_encoded": 0.007714819434118086,
  "wind_direction_categorical_encoded": 0.008513733527120764,
  "wind_temp_interaction": 0.027965651312571435,
  "humidity_temp_interaction": 0.06882039970311221
}