{
  "temperature_2m": 0.03623136878013611,
  "relative_humidity_2m": 0.0479496568441391,
  "dewpoint_2m": 0.04263925552368164,
  "precipitation": 0.06098618730902672,
  "surface_pressure": 0.03782293573021889,
  "cloud_cover": 0.06301859766244888,
  "wind_speed_10m": 0.017749032005667686,
  "wind_direction_10m": 0.04383454471826553,
  "wind_gusts_10m": 0.03165309876203537,
  "wind_direction_sin": 0.03830106928944588,
  "wind_direction_cos": 0.0401846207678318,
  "wind_speed_10m_avg_2h": 0.02776816487312317,
  "wind_speed_10m_avg_3h": 0.026841003447771072,
  "wind_speed_10m_avg_4h": 0.031590286642313004,
  "wind_gusts_10m_max_2h": 0.021840998902916908,
  "wind_gusts_10m_max_3h": 0.023443175479769707,
  "wind_gusts_10m_max_4h": 0.02977858856320381,
  "Flow (m^3/s)--Border": 0.11475928872823715,
  "tide_height": 0.04228384792804718,
  "tidal_state_encoded": 0.08454578369855881,
  "wind_direction_categorical_encoded": 0.04338341951370239,
  "wind_temp_interaction": 0.03506630286574364,
  "humidity_temp_interaction": 0.0583287812769413
}