{
  "temperature_2m": 0.03621424362063408,
  "relative_humidity_2m": 0.0528658851981163,
  "dewpoint_2m": 0.04362287372350693,
  "precipitation": 0.03697134926915169,
  "surface_pressure": 0.048040930181741714,
  "cloud_cover": 0.04641637206077576,
  "wind_speed_10m": 0.035837072879076004,
  "wind_direction_10m": 0.03464210033416748,
  "wind_gusts_10m": 0.04531316086649895,
  "wind_direction_sin": 0.038246091455221176,
  "wind_direction_cos": 0.04036252573132515,
  "wind_speed_10m_avg_2h": 0.029831184074282646,
  "wind_speed_10m_avg_3h": 0.041610781103372574,
  "wind_speed_10m_avg_4h": 0.03812655434012413,
  "wind_gusts_10m_max_2h": 0.03186758607625961,
  "wind_gusts_10m_max_3h": 0.03550168126821518,
  "wind_gusts_10m_max_4h": 0.042038388550281525,
  "Flow (m^3/s)--Border": 0.11800003796815872,
  "tide_height": 0.04281225800514221,
  "tidal_state_encoded": 0.030299464240670204,
  "wind_direction_categorical_encoded": 0.04605957120656967,
  "wind_temp_interaction": 0.03509727865457535,
  "humidity_temp_interaction": 0.05022258684039116
}